scheme,case_id,success,trust_model,topology,logical_db_size,record_size_bytes,query_count,repetitions,bandwidth_mbps,rtt_ms,offline_ms,query_only_total_ms,query_only_avg_ms,online_total_ms,online_avg_ms,amortized_ms,maintenance_total_ms,refresh_count,client_outbound_bytes,client_inbound_bytes,maintenance_outbound_bytes,maintenance_inbound_bytes,client_storage_bytes,client_compute_ms,server_compute_ms,error,notes
AsymPirex,N12-B256,True,two-server offline-online,in-process analytical network,4096,256,100,1,100.0,60.0,5.1925,6005.998708,60.05998708,6005.998708,60.05998708,60.73981515,0.16662699999999983,1,5640,509984,28,32768,841392,1.4547080000000001,,,Query-only online latency is reported separately from maintenance-aware amortized latency. | Network cost is analytically derived from compact message sizes.
Pirex,N12-B256,True,two-server offline-online,in-process Rust reconstruction with analytical network,4096,256,100,1,100.0,60.0,36.373416,6027.093369,60.27093369,6027.093369,60.27093369,60.63466785000001,,,40240,299108,,,208896,32.74633499999999,0.21046349999999994,,Pirex is a local Rust reconstruction of the base artifact's prep/query flow. | Network cost is analytically derived from the reconstructed message sizes under the shared profile.
AsymPirex,N14-B256,True,two-server offline-online,in-process analytical network,16384,256,100,1,100.0,60.0,27.222666,6009.41875,60.0941875,6009.41875,60.0941875,60.36644294999999,0.0028789999999999974,0,12812,1034272,0,0,2914000,4.298749999999999,,,Query-only online latency is reported separately from maintenance-aware amortized latency. | Network cost is analytically derived from compact message sizes.
Pirex,N14-B256,True,two-server offline-online,in-process Rust reconstruction with analytical network,16384,256,100,1,100.0,60.0,187.938541,6045.446449,60.45446449,6045.446449,60.45446449,62.333849900000004,,,82000,561252,,,487424,62.67941600000002,1.5313070000000006,,Pirex is a local Rust reconstruction of the base artifact's prep/query flow. | Network cost is analytically derived from the reconstructed message sizes under the shared profile.
AsymPirex,N16-B256,True,two-server offline-online,in-process analytical network,65536,256,100,1,100.0,60.0,207.386667,6020.867499999999,60.20867499999999,6020.867499999999,60.20867499999999,62.28257000999999,0.0028339999999999975,0,28812,2279456,0,0,11125520,14.4675,,,Query-only online latency is reported separately from maintenance-aware amortized latency. | Network cost is analytically derived from compact message sizes.
Pirex,N16-B256,True,two-server offline-online,in-process Rust reconstruction with analytical network,65536,256,100,1,100.0,60.0,1070.6758750000001,6076.250035999999,60.76250036,6076.250035999999,60.76250036,71.46925911,,,169800,1151076,,,1114112,113.30791100000002,2.9466660000000013,,Pirex is a local Rust reconstruction of the base artifact's prep/query flow. | Network cost is analytically derived from the reconstructed message sizes under the shared profile.
AsymPirex,N12-B64,True,two-server offline-online,in-process analytical network,4096,64,100,1,100.0,60.0,4.746625,6003.020458,60.03020458,6003.020458,60.03020458,60.68561018999999,0.13633599999999985,1,5640,127520,28,8192,535728,1.548458,,,Query-only online latency is reported separately from maintenance-aware amortized latency. | Network cost is analytically derived from compact message sizes.
Pirex,N12-B64,True,two-server offline-online,in-process Rust reconstruction with analytical network,4096,64,100,1,100.0,60.0,60.691459,6027.769785,60.27769785,6027.769785,60.27769785,60.88461244,,,40240,74852,,,61440,45.99767399999998,0.36540799999999973,,Pirex is a local Rust reconstruction of the base artifact's prep/query flow. | Network cost is analytically derived from the reconstructed message sizes under the shared profile.
Piano,N12-B64,False,single-server,client-server over TCP relay,4096,64,100,1,100.0,60.0,,,,,,,,,,,,,,,,"2026/04/11 23:32:07 Server address 127.0.0.1:50051, thread number 1 ignoreOffline false
2026/04/11 23:32:07 4096 1
2026/04/11 23:32:07 DBSize 4096, DBSeed 1, ChunkSize 128, SetSize 32
2026/04/11 23:32:07 totalQueryNum 532
2026/04/11 23:32:07 k = 35
2026/04/11 23:32:07 Start fetching the whole DB
2026/04/11 23:32:07 Every Local Set Size 88 bytes
2026/04/11 23:32:07 Every Local Backup Set Size 72 bytes
2026/04/11 23:32:07 Local Set Num 4480, Local Backup Set Num 1536
2026/04/11 23:32:07 Local Set Size 88 bytes -----------------------
2026/04/11 23:32:07 Local Storage Size 0.5869140625 MB
2026/04/11 23:32:07 Per query communication cost 0.3125 kb
2026/04/11 23:32:07 received chunk 0
panic: runtime error: slice bounds out of range [:440] with capacity 128

goroutine 49 [running]:
main.runPIRWithOneServer.func1(0x0?, 0x1180, 0x0, 0x600)
	/Users/keyi/Library/CloudStorage/Dropbox/Like Wang/Like-SPIDER-GLOBECOM/AsymPirex-PIR/benchmarks/external/Piano-PIR-new/client_new/client_new.go:270 +0x2ff
created by main.runPIRWithOneServer in goroutine 1
	/Users/keyi/Library/CloudStorage/Dropbox/Like Wang/Like-SPIDER-GLOBECOM/AsymPirex-PIR/benchmarks/external/Piano-PIR-new/client_new/client_new.go:263 +0x17d7
exit status 2
",
AsymPirex,N14-B64,True,two-server offline-online,in-process analytical network,16384,64,100,1,100.0,60.0,25.100167,6007.067666999999,60.07067666999999,6007.067666999999,60.07067666999999,60.321701279999985,0.0022939999999999996,0,12812,258592,0,0,2215120,5.019667,,,Query-only online latency is reported separately from maintenance-aware amortized latency. | Network cost is analytically derived from compact message sizes.
Pirex,N14-B64,True,two-server offline-online,in-process Rust reconstruction with analytical network,16384,64,100,1,100.0,60.0,159.24374999999998,6034.9546980000005,60.34954698000001,6034.9546980000005,60.34954698000001,61.94198448,,,82000,140388,,,143360,56.704970999999986,0.20773299999999986,,Pirex is a local Rust reconstruction of the base artifact's prep/query flow. | Network cost is analytically derived from the reconstructed message sizes under the shared profile.
Piano,N14-B64,False,single-server,client-server over TCP relay,16384,64,100,1,100.0,60.0,,,,,,,,,,,,,,,,"2026/04/11 23:32:13 Server address 127.0.0.1:50051, thread number 1 ignoreOffline false
2026/04/11 23:32:13 16384 1
2026/04/11 23:32:13 DBSize 16384, DBSeed 1, ChunkSize 256, SetSize 64
2026/04/11 23:32:13 totalQueryNum 1242
2026/04/11 23:32:13 k = 36
2026/04/11 23:32:13 Start fetching the whole DB
2026/04/11 23:32:13 Every Local Set Size 88 bytes
2026/04/11 23:32:13 Every Local Backup Set Size 72 bytes
2026/04/11 23:32:13 Local Set Num 9216, Local Backup Set Num 3648
2026/04/11 23:32:13 Local Set Size 88 bytes -----------------------
2026/04/11 23:32:13 Local Storage Size 1.2744140625 MB
2026/04/11 23:32:13 Per query communication cost 0.5625 kb
2026/04/11 23:32:13 received chunk 0
panic: runtime error: slice bounds out of range [:224] with capacity 128

goroutine 49 [running]:
main.runPIRWithOneServer.func1(0x0?, 0x2400, 0x0, 0xe40)
	/Users/keyi/Library/CloudStorage/Dropbox/Like Wang/Like-SPIDER-GLOBECOM/AsymPirex-PIR/benchmarks/external/Piano-PIR-new/client_new/client_new.go:270 +0x2ff
created by main.runPIRWithOneServer in goroutine 1
	/Users/keyi/Library/CloudStorage/Dropbox/Like Wang/Like-SPIDER-GLOBECOM/AsymPirex-PIR/benchmarks/external/Piano-PIR-new/client_new/client_new.go:263 +0x17d7
exit status 2
",
